{"": {"yy": 0.0, "yr": 0.0, "yg": 0.0, "rr": 0.0, "ry": 0.0, "rg": 0.0, "gg": 0.0, "gy": 0.0, "gr": 0.0, "g": 0.0}, "1": {"yy": 0.43999999999999995, "yr": -0.6000000000000001, "yg": -0.76, "rr": -1.12, "ry": 0.2400000000000002, "rg": 0.2400000000000002, "gg": 0.3999999999999999, "gy": -0.56, "gr": 0.31999999999999984, "g": 1.0}, "2": {"yy": -0.15999999999999992, "yr": 0.31999999999999984, "yg": 0.040000000000000036, "rr": 0.0, "ry": -0.19999999999999996, "rg": 0.6000000000000001, "gg": 0.16000000000000014, "gy": 0.7200000000000002, "gr": -0.48, "g": 0.56}, "3": {"yy": -0.040000000000000036, "yr": 0.52, "yg": -0.56, "rr": -0.040000000000000036, "ry": -0.6399999999999999, "rg": 0.52, "gg": -0.43999999999999995, "gy": 0.6000000000000001, "gr": -0.19999999999999996, "g": 0.3599999999999999}, "4": {"yy": -0.19999999999999996, "yr": -0.19999999999999996, "yg": 0.2799999999999998, "rr": -0.15999999999999992, "ry": 0.3599999999999999, "rg": -0.3999999999999999, "gg": -0.24, "gy": -0.3600000000000001, "gr": 0.31999999999999984, "g": 0.3599999999999999}, "5": {"yy": 0.08000000000000007, "yr": -0.3600000000000001, "yg": 0.2799999999999998, "rr": -0.15999999999999992, "ry": 0.7999999999999998, "rg": -0.6799999999999999, "gg": -0.43999999999999995, "gy": -0.52, "gr": 0.48, "g": 0.52}, "6": {"yy": 0.0, "yr": -0.43999999999999995, "yg": -0.8, "rr": -0.43999999999999995, "ry": 0.56, "rg": -0.15999999999999992, "gg": 0.43999999999999995, "gy": 0.52, "gr": 0.48, "g": 0.31999999999999984}, "7": {"yy": -0.040000000000000036, "yr": 0.2400000000000002, "yg": -0.1200000000000001, "rr": 0.43999999999999995, "ry": -0.3999999999999999, "rg": 0.56, "gg": -0.48, "gy": 0.48, "gr": -0.15999999999999992, "g": 0.8399999999999999}, "8": {"yy": -0.3600000000000001, "yr": 0.3599999999999999, "yg": 0.0, "rr": 0.16000000000000014, "ry": -0.15999999999999992, "rg": -0.48, "gg": -0.24, "gy": 0.3999999999999999, "gr": 0.20000000000000018, "g": 0.6800000000000002}, "robin": {"yy": 0.43999999999999995, "yr": -0.8400000000000001, "yg": -0.48, "rr": 0.040000000000000036, "ry": -0.52, "rg": 0.16000000000000014, "gg": 0.040000000000000036, "gy": -2.0, "gr": 0.3999999999999999, "g": 0.6000000000000001}, "9": {"yy": -0.28, "yr": 0.20000000000000018, "yg": -0.19999999999999996, "rr": -0.24, "ry": -0.48, "rg": 0.43999999999999995, "gg": -0.3999999999999999, "gy": -0.040000000000000036, "gr": -0.28, "g": 0.20000000000000018}, "10": {"yy": 0.48, "yr": 0.2400000000000002, "yg": -0.24, "rr": -0.28, "ry": -0.19999999999999996, "rg": 0.3999999999999999, "gg": -0.19999999999999996, "gy": 0.43999999999999995, "gr": -0.15999999999999992, "g": 0.6400000000000001}}